Product Urls,Search_Keyword
https://www.babylist.com/gp/uppababy-mesa-v2-infant-car-seat/24450/1052656,infant-car-seats
https://www.babylist.com/gp/nuna-nuna-x-babylist-pipa-rx-infant-car-seat-with-relx-base/25733/1198579,infant-car-seats
https://www.babylist.com/gp/doona-infant-car-seat-stroller/14613/31863,infant-car-seats
https://www.babylist.com/gp/nuna-pipa-rx-infant-car-seat-with-relx-base/16140/310276,infant-car-seats
https://www.babylist.com/gp/graco-snugride-35-lite-lx-infant-car-seat/17838/351788,infant-car-seats
https://www.babylist.com/gp/graco-snugride-snugfit-35-infant-car-seat/20466/529534,infant-car-seats
https://www.babylist.com/gp/chicco-keyfit-35-infant-car-seat/20018/437587,infant-car-seats
https://www.babylist.com/gp/evenflo-shyft-dualride-infant-car-seat-and-stroller-combo/38131/1465355,infant-car-seats
https://www.babylist.com/gp/doona-infant-car-seat-stroller-midnight-edition/19926/411207,infant-car-seats
https://www.babylist.com/gp/maxi-cosi-mico-luxe-infant-car-seat/37909/1732546,infant-car-seats
https://www.babylist.com/gp/chicco-keyfit-35-zip-cleartex-infant-car-seat/21417/1101934,infant-car-seats
https://www.babylist.com/gp/evenflo-gold-shyft-dualride-infant-car-seat-and-stroller-combo/38132/1465357,infant-car-seats
https://www.babylist.com/gp/uppababy-aria-car-seat/46330/1879484,infant-car-seats
https://www.babylist.com/gp/nuna-pipa-aire-rx-pipa-relx-base/46282/1871695,infant-car-seats
https://www.babylist.com/gp/chicco-keyfit-35-cleartex-infant-car-seat/21413/697593,infant-car-seats
https://www.babylist.com/gp/chicco-keyfit-30-infant-car-seat-85b3d274-1ed6-4e2a-b2a6-f6f581d072d6/2378/20632,infant-car-seats
https://www.babylist.com/gp/graco-snugride-snugfit-35-dlx-infant-car-seat/20467/529537,infant-car-seats
https://www.babylist.com/gp/nuna-pipa-rx-pipa-relx-base-nordstrom-exclusive/44862/1714528,infant-car-seats
https://www.babylist.com/gp/baby-trend-secure-snap-tech-35-infant-car-seat/16228/89484,infant-car-seats
https://www.babylist.com/gp/chicco-keyfit-30-cleartex-infant-car-seat/24729/1101932,infant-car-seats
https://www.babylist.com/gp/maxi-cosi-infant-car-seat-base-for-maxi-cosi-car-seats/20445/1628179,infant-car-seats
https://www.babylist.com/gp/evenflo-litemax-35-infant-car-seat/25522/1184793,infant-car-seats
https://www.babylist.com/gp/graco-snugride-snugfit-35-lx-infant-car-seat/20469/529540,infant-car-seats
https://www.babylist.com/gp/maxi-cosi-luxe-plus-infant-car-seat/37910/1556515,infant-car-seats
https://www.babylist.com/gp/cybex-aton-g-swivel-infant-car-seat/45606/1768292,infant-car-seats
https://www.babylist.com/gp/chicco-chicco-keyfit-35-infant-car-seat-extra-base-bundle/23075/938570,infant-car-seats
https://www.babylist.com/gp/bugaboo-turtle-air-by-nuna-car-seat-and-recline-base/22481/862024,infant-car-seats
https://www.babylist.com/gp/britax-willow-s-infant-car-seat-with-alpine-base/42121/1627970,infant-car-seats
https://www.babylist.com/gp/graco-graco-premier-snugride-snugfit-35-xt-infant-car-seat/35870/1359562,infant-car-seats
https://www.babylist.com/gp/baby-trend-ez-lift-35-plus-infant-car-seat/25936/1224374,infant-car-seats
https://www.babylist.com/gp/evenflo-litemax-dlx-infant-car-seat-with-safezone-load-leg-base/25514/1184784,infant-car-seats
https://www.babylist.com/gp/graco-premier-snugride-snugfit-35-xt-ft-load-leg-technology/38172/1467254,infant-car-seats
https://www.babylist.com/gp/chicco-chicco-keyfit-35-cleartex-infant-car-seat-extra-base-bundle/23076/938600,infant-car-seats
https://www.babylist.com/gp/chicco-keyfit-30-zip-infant-car-seat/12023/403334,infant-car-seats
https://www.babylist.com/gp/britax-aspen-infant-car-seat-base/38541/1508278,infant-car-seats
https://www.babylist.com/gp/baby-trend-secure-lift-35-infant-car-seat/44801/1701776,infant-car-seats
https://www.babylist.com/gp/baby-jogger-city-go-2-infant-car-seat/15094/219570,infant-car-seats
https://www.babylist.com/gp/cybex-cloud-g-lux-extend-infant-car-seat/38628/1516017,infant-car-seats
https://www.babylist.com/gp/cybex-cloud-g-basic-infant-car-seat/39134/1545891,infant-car-seats
https://www.babylist.com/gp/stokke-pipa-by-nuna-carseat-base/16285/324290,infant-car-seats
https://www.babylist.com/gp/graco-snugride-35-dlx-infant-car-seat-ft-load-leg-technology/37513/1395446,infant-car-seats
https://www.babylist.com/gp/maxi-cosi-romi-car-seat/24071/996582,infant-car-seats
https://www.babylist.com/gp/britax-willow-sc-infant-car-seat-with-alpine-base/46082/1831677,infant-car-seats
https://www.babylist.com/gp/evenflo-gold-securemax-smart-infant-car-seat/21406/697547,infant-car-seats
https://www.babylist.com/gp/safety-1st-onboard-35-securetech-infant-car-seat/44324/1677204,infant-car-seats
https://www.babylist.com/gp/cybex-aton-g-sensorsafe/39132/1545886,infant-car-seats
https://www.babylist.com/gp/cybex-cloud-g-base/39135/1545893,infant-car-seats
https://www.babylist.com/gp/nuna-2019-rava-convertible-car-seat/14782/1847018,convertible-car-seats
https://www.babylist.com/gp/evenflo-gold-revolve-360-extend-rotational-all-in-one-with-sensorsafe/37756/1428045,convertible-car-seats
https://www.babylist.com/gp/maxi-cosi-pria-all-in-one-convertible-car-seat/16218/877604,convertible-car-seats
https://www.babylist.com/gp/maxi-cosi-emme-360-rotating-all-in-one-car-seat/26693/1280664,convertible-car-seats
https://www.babylist.com/gp/graco-4ever-dlx-4-in-1-convertible-car-seat/14682/74088,convertible-car-seats
https://www.babylist.com/gp/evenflo-revolve360-extend-all-in-one-rotational-convertible-car-seat/37755/1428044,convertible-car-seats
https://www.babylist.com/gp/graco-slimfit-all-in-one-convertible-car-seat/13121/20001,convertible-car-seats
https://www.babylist.com/gp/nuna-revv-rotating-convertible-car-seat/24316/1452718,convertible-car-seats
https://www.babylist.com/gp/graco-extend2fit-3-in-1-car-seat/17825/351766,convertible-car-seats
https://www.babylist.com/gp/safety-1st-grow-and-go-all-in-one-convertible-car-seat/22861/1427737,convertible-car-seats
https://www.babylist.com/gp/evenflo-gold-revolve-360-slim/38570/1510176,convertible-car-seats
https://www.babylist.com/gp/britax-one4life-clicktight-all-in-one-car-seat/15414/1627974,convertible-car-seats
https://www.babylist.com/gp/nuna-exec-convertible-car-seat/16264/319660,convertible-car-seats
https://www.babylist.com/gp/graco-4ever-dlx-grad-5-in-1-car-seat/40327/1563134,convertible-car-seats
https://www.babylist.com/gp/chicco-onefit-cleartex-all-in-one-car-seat/24728/1101928,convertible-car-seats
https://www.babylist.com/gp/maxi-cosi-pria-max-all-in-one-convertible-car-seat/16217/1235913,convertible-car-seats
https://www.babylist.com/gp/graco-slimfit3-lx-3-in-1-car-seat/21211/666773,convertible-car-seats
https://www.babylist.com/gp/uppababy-knox-convertible-car-seat/24455/1052661,convertible-car-seats
https://www.babylist.com/gp/graco-4ever-dlx-snuglock-grow-4-in-1-car-seat/24863/1582983,convertible-car-seats
https://www.babylist.com/gp/evenflo-revolve-360-slim-2-in-1-convertible-rotating-car-seat/38569/1510172,convertible-car-seats
https://www.babylist.com/gp/chicco-fit360-cleartex-rotating-car-seat/46280/1871630,convertible-car-seats
https://www.babylist.com/gp/maxi-cosi-magellan-liftfit-all-in-one-convertible-car-seat/26086/1235917,convertible-car-seats
https://www.babylist.com/gp/baby-trend-cover-me-4-in-1-convertible-car-seat/21961/778497,convertible-car-seats
https://www.babylist.com/gp/safety-1st-turn-and-go-360-dlx-all-in-one-convertible-car-seat/38088/1458148,convertible-car-seats
https://www.babylist.com/gp/safety-1st-grow-and-go-3-in-1-convertible-car-seat-one-hand-adjust/38086/1458144,convertible-car-seats
https://www.babylist.com/gp/baby-jogger-city-turn-convertible-car-seat/22927/922467,convertible-car-seats
https://www.babylist.com/gp/cybex-sirona-s-360-rotating-convertible-car-seat-with-sensorsafe/15179/223764,convertible-car-seats
https://www.babylist.com/gp/britax-poplar-s-convertible-car-seat/46354/1880907,convertible-car-seats
https://www.babylist.com/gp/graco-premier-4ever-dlx-extend2fit-4-in-1-car-seat-featuring-anti-rebound-bar/37511/1395444,convertible-car-seats
https://www.babylist.com/gp/chicco-nextfit-max-cleartex-convertible-car-seat/21414/697595,convertible-car-seats
https://www.babylist.com/gp/safety-1st-everslim-dlx-all-in-one-convertible-car-seat/38087/1458146,convertible-car-seats
https://www.babylist.com/gp/diono-radian-3rxt-safeplus-all-in-one-convertible-car-seat/45074/1743442,convertible-car-seats
https://www.babylist.com/gp/evenflo-everyfit-all4one-3-in-1-convertible-car-seat/46230/1857757,convertible-car-seats
https://www.babylist.com/gp/nuna-revv-nordstrom-exclusive/44864/1714549,convertible-car-seats
https://www.babylist.com/gp/evenflo-everykid-3-in-1-convertible-car-seat/46232/1857764,convertible-car-seats
https://www.babylist.com/gp/britax-poplar-convertible-car-seat/45775/1791051,convertible-car-seats
https://www.babylist.com/gp/nuna-rava-nordstrom-exclusive/44863/1714541,convertible-car-seats
https://www.babylist.com/gp/safety-1st-jive-2-in-1-convertible-car-seat/22862/1626957,convertible-car-seats
https://www.babylist.com/gp/britax-marathon-clicktight-convertible-car-seat-771430f8-2c85-40ab-8ce3-9e95cfc20c81/11820/1217460,convertible-car-seats
https://www.babylist.com/gp/safety-1st-grow-and-go-extend-n-ride-lx-convertible-car-seat-one-hand-adjust/42115/1626959,convertible-car-seats
https://www.babylist.com/gp/diono-radian-3r-safeplus-all-in-one-convertible-car-seat/45075/1743444,convertible-car-seats
https://www.babylist.com/gp/cybex-eternis-s-sensorsafe-all-in-one-convertible-car-seat/15181/223772,convertible-car-seats
https://www.babylist.com/gp/evenflo-gold-revolve360-extend-all-in-one-rotational-car-seat-with-green-gentle-fabric/46022/1818726,convertible-car-seats
https://www.babylist.com/gp/graco-nautilus-snuglock-grow-3-in-1-forward-facing-harness-booster/24865/1111842,convertible-car-seats
https://www.babylist.com/gp/maxi-cosi-pria-chill-all-in-one-convertible-car-seat/40375/1569161,convertible-car-seats
https://www.babylist.com/gp/evenflo-sonus-65-convertible-car-seat/15638/1184803,convertible-car-seats
https://www.babylist.com/gp/diono-radian-3qxt-firstclass-safeplus-all-in-one-convertible-car-seat/45073/1743436,convertible-car-seats
https://www.babylist.com/gp/evenflo-triumph-lx-convertible-car-seat/25520/1184791,convertible-car-seats
https://www.babylist.com/gp/diono-solana-2-with-latch-pack-of-2-backless-booster-car-seats/45078/1743449,convertible-car-seats
https://www.babylist.com/gp/diono-monterey-5ist-fixsafe-rigid-latch-high-back-booster-car-seat/45076/1743446,convertible-car-seats
https://www.babylist.com/gp/diono-monterey-2xt-latch-2-in-1-booster-car-seat/45077/1743448,convertible-car-seats
